SampleID	Location	Year	Extraction Date	Extracted By	Well	16S Primer Plate	16S Sequence	16S Barcode	ITS Sequence	ITS Barcode	Well	ITS Primer plate			
BD-Dorms1-1_ITS_S100	Boyd Deep	2018	4/5/22	Cassie/Tania/Jessica	B9	Plate 2	CCGGACTACHVGGGTWTCTAAT	CACTCATCATTC	CAAGCAGAAGACGGCATACGAGATAGCTGTCAAGCTCGGCTGCGTTCTTCATCGATGC	AGCTGTCAAGCT	B4	Plate 2			
BD-Camp1-2_ITS_S105	Boyd Deep	2018	4/5/22	Cassie/Tania/Jessica	E6	Plate 2	CCGGACTACHVGGGTWTCTAAT	ACGACTGCATAA	CAAGCAGAAGACGGCATACGAGATCACTCATCATTCCGGCTGCGTTCTTCATCGATGC	CACTCATCATTC	B9	Plate 2			
BD-Camp3-5_ITS_S99	Boyd Deep	2018	4/5/22	Cassie/Tania/Jessica	A5	Plate 2	CCGGACTACHVGGGTWTCTAAT	GATGTATGTGGT	CAAGCAGAAGACGGCATACGAGATTCATGCTCCATTCGGCTGCGTTCTTCATCGATGC	TCATGCTCCATT	B3	Plate 2			
BD-Camp4-6_ITS_S106	Boyd Deep	2018	4/5/22	Cassie/Tania/Jessica	E8	Plate 2	CCGGACTACHVGGGTWTCTAAT	AGCTATGTATGG	CAAGCAGAAGACGGCATACGAGATGTATTTCGGACGCGGCTGCGTTCTTCATCGATGC	GTATTTCGGACG	B10	Plate 2			
LBTPBox9_ITS_S103	LaBrea Tar Pits	2019	4/5/22	Cassie/Tania/Jessica	E1	Plate 2	CCGGACTACHVGGGTWTCTAAT	TTAGAGCCATGC	CAAGCAGAAGACGGCATACGAGATCGTGCTTAGGCTCGGCTGCGTTCTTCATCGATGC	CGTGCTTAGGCT	B7	Plate 2			
LBTP1860C-K10_ITS_S104	LaBrea Tar Pits	2019	4/5/22	Cassie/Tania/Jessica	E3	Plate 2	CCGGACTACHVGGGTWTCTAAT	AGAGTCTTGCCA	CAAGCAGAAGACGGCATACGAGATTACCGAAGGTATCGGCTGCGTTCTTCATCGATGC	TACCGAAGGTAT	B8	Plate 2			
LBTP-Box13_ITS_S98	LaBrea Tar Pits	2019	4/5/22	Cassie/Tania/Jessica	A3	Plate 2	CCGGACTACHVGGGTWTCTAAT	GATTATCGACGA	CAAGCAGAAGACGGCATACGAGATGCGACAATTACACGGCTGCGTTCTTCATCGATGC	GCGACAATTACA	B2	Plate 2			
LBTP-P23-10A_ITS_S97	LaBrea Tar Pits	2019	4/5/22	Cassie/Tania/Jessica	A2	Plate 2	CCGGACTACHVGGGTWTCTAAT	TGTGCGATAACA	CAAGCAGAAGACGGCATACGAGATGCACACCTGATACGGCTGCGTTCTTCATCGATGC	GCACACCTGATA	B1	Plate 2			
LBTP-91_ITS_S107	LaBrea Tar Pits	2019	4/5/22	Cassie/Tania/Jessica	B2	Plate 2	CCGGACTACHVGGGTWTCTAAT	GCGACAATTACA	CAAGCAGAAGACGGCATACGAGATTATCTATCCTGCCGGCTGCGTTCTTCATCGATGC	TATCTATCCTGC	B11	Plate 2			
LBTP5B_ITS_S102	LaBrea Tar Pits	2019	4/5/22	Cassie/Tania/Jessica	D9	Plate 2	CCGGACTACHVGGGTWTCTAAT	GGTTATTTGGCG	CAAGCAGAAGACGGCATACGAGATTACTCGGGAACTCGGCTGCGTTCTTCATCGATGC	TACTCGGGAACT	B6	Plate 2			
LBTP-Box7-P23-7A_ITS_S101	LaBrea Tar Pits	2019	4/5/22	Cassie/Tania/Jessica	C3	Plate 2	CCGGACTACHVGGGTWTCTAAT	CATACCGTGAGT	CAAGCAGAAGACGGCATACGAGATGAGAGCAACAGACGGCTGCGTTCTTCATCGATGC	GAGAGCAACAGA	B5	Plate 2			