SampleID,Location,Year,Extraction Date,Extracted By,Well,16S Primer Plate,16S Sequence,16S Barcode,ITS Sequence,ITS Barcode,Well,ITS Primer plate
BD-Dorms1-1,Boyd Deep,2018,4/5/22,Cassie/Tania/Jessica,B9,Plate 2,CCGGACTACHVGGGTWTCTAAT,CACTCATCATTC,CAAGCAGAAGACGGCATACGAGATAGCTGTCAAGCTCGGCTGCGTTCTTCATCGATGC,AGCTGTCAAGCT,B4,Plate 2
BD-Camp1-2,Boyd Deep,2018,4/5/22,Cassie/Tania/Jessica,E6,Plate 2,CCGGACTACHVGGGTWTCTAAT,ACGACTGCATAA,CAAGCAGAAGACGGCATACGAGATCACTCATCATTCCGGCTGCGTTCTTCATCGATGC,CACTCATCATTC,B9,Plate 2
BD-Camp3-5,Boyd Deep,2018,4/5/22,Cassie/Tania/Jessica,A5,Plate 2,CCGGACTACHVGGGTWTCTAAT,GATGTATGTGGT,CAAGCAGAAGACGGCATACGAGATTCATGCTCCATTCGGCTGCGTTCTTCATCGATGC,TCATGCTCCATT,B3,Plate 2
BD-Camp4-6,Boyd Deep,2018,4/5/22,Cassie/Tania/Jessica,E8,Plate 2,CCGGACTACHVGGGTWTCTAAT,AGCTATGTATGG,CAAGCAGAAGACGGCATACGAGATGTATTTCGGACGCGGCTGCGTTCTTCATCGATGC,GTATTTCGGACG,B10,Plate 2
LBTPBox9,LaBrea Tar Pits,2019,4/5/22,Cassie/Tania/Jessica,E1,Plate 2,CCGGACTACHVGGGTWTCTAAT,TTAGAGCCATGC,CAAGCAGAAGACGGCATACGAGATCGTGCTTAGGCTCGGCTGCGTTCTTCATCGATGC,CGTGCTTAGGCT,B7,Plate 2
LBTP1860C-K10,LaBrea Tar Pits,2019,4/5/22,Cassie/Tania/Jessica,E3,Plate 2,CCGGACTACHVGGGTWTCTAAT,AGAGTCTTGCCA,CAAGCAGAAGACGGCATACGAGATTACCGAAGGTATCGGCTGCGTTCTTCATCGATGC,TACCGAAGGTAT,B8,Plate 2
LBTP-Box13,LaBrea Tar Pits,2019,4/5/22,Cassie/Tania/Jessica,A3,Plate 2,CCGGACTACHVGGGTWTCTAAT,GATTATCGACGA,CAAGCAGAAGACGGCATACGAGATGCGACAATTACACGGCTGCGTTCTTCATCGATGC,GCGACAATTACA,B2,Plate 2
LBTP-P23-10A,LaBrea Tar Pits,2019,4/5/22,Cassie/Tania/Jessica,A2,Plate 2,CCGGACTACHVGGGTWTCTAAT,TGTGCGATAACA,CAAGCAGAAGACGGCATACGAGATGCACACCTGATACGGCTGCGTTCTTCATCGATGC,GCACACCTGATA,B1,Plate 2
LBTP-91,LaBrea Tar Pits,2019,4/5/22,Cassie/Tania/Jessica,B2,Plate 2,CCGGACTACHVGGGTWTCTAAT,GCGACAATTACA,CAAGCAGAAGACGGCATACGAGATTATCTATCCTGCCGGCTGCGTTCTTCATCGATGC,TATCTATCCTGC,B11,Plate 2
LBTP5B,LaBrea Tar Pits,2019,4/5/22,Cassie/Tania/Jessica,D9,Plate 2,CCGGACTACHVGGGTWTCTAAT,GGTTATTTGGCG,CAAGCAGAAGACGGCATACGAGATTACTCGGGAACTCGGCTGCGTTCTTCATCGATGC,TACTCGGGAACT,B6,Plate 2
LBTP-Box7-P23-7A,LaBrea Tar Pits,2019,4/5/22,Cassie/Tania/Jessica,C3,Plate 2,CCGGACTACHVGGGTWTCTAAT,CATACCGTGAGT,CAAGCAGAAGACGGCATACGAGATGAGAGCAACAGACGGCTGCGTTCTTCATCGATGC,GAGAGCAACAGA,B5,Plate 2
GW008,Negative Control,2019,4/5/22,Cassie/Tania/Jessica,A2,Plate 3,AATGATACGGCGACCACCGAGATCTACACGCTGGCGTAACGGCATATGGTAATTGTGTGYCAGCMGCCGCGGTAA,GGCGTAACGGCA,CAAGCAGAAGACGGCATACGAGATGATCATTCTCTCCGGCTGCGTTCTTCATCGATGC,GATCATTCTCTC,A2,Plate 4
GW020,Negative Control,2019,4/5/22,Cassie/Tania/Jessica,D11,Plate 3,AATGATACGGCGACCACCGAGATCTACACGCTTTCCACACGTGGTATGGTAATTGTGTGYCAGCMGCCGCGGTAA,TTCCACACGTGG,CAAGCAGAAGACGGCATACGAGATCTGTGTCCATGGCGGCTGCGTTCTTCATCGATGC,CTGTGTCCATGG,D11,Plate 4
GW022,Mock Community,2019,4/5/22,Cassie/Tania/Jessica,E11,Plate 3,AATGATACGGCGACCACCGAGATCTACACGCTATTTCCGCTAATTATGGTAATTGTGTGYCAGCMGCCGCGGTAA,ATTTCCGCTAAT,CAAGCAGAAGACGGCATACGAGATGCTGTGATTCGACGGCTGCGTTCTTCATCGATGC,GCTGTGATTCGA,E11,Plate 4
GW031,Mock Community,2019,4/5/22,Cassie/Tania/Jessica,B8,Plate 3,AATGATACGGCGACCACCGAGATCTACACGCTAGATTCGCTCGATATGGTAATTGTGTGYCAGCMGCCGCGGTAA,AGATTCGCTCGA,CAAGCAGAAGACGGCATACGAGATTAAGGCATCGCTCGGCTGCGTTCTTCATCGATGC,TAAGGCATCGCT,B8,Plate 4
GW033,Negative Control,2019,4/5/22,Cassie/Tania/Jessica,B7,Plate 3,AATGATACGGCGACCACCGAGATCTACACGCTCCGAGGTATAATTATGGTAATTGTGTGYCAGCMGCCGCGGTAA,CCGAGGTATAAT,CAAGCAGAAGACGGCATACGAGATGGCGATTTACGTCGGCTGCGTTCTTCATCGATGC,GGCGATTTACGT,B7,Plate 4
GW044,Mock Community,2019,4/5/22,Cassie/Tania/Jessica,B2,Plate 3,AATGATACGGCGACCACCGAGATCTACACGCTAATACAGACCTGTATGGTAATTGTGTGYCAGCMGCCGCGGTAA,AATACAGACCTG,CAAGCAGAAGACGGCATACGAGATTAAAGACCCGTACGGCTGCGTTCTTCATCGATGC,TAAAGACCCGTA,B2,Plate 4
GW094,PCR Negative,2019,4/5/22,Cassie/Tania/Jessica,D6,Plate 3,AATGATACGGCGACCACCGAGATCTACACGCTTCCGATAATCGGTATGGTAATTGTGTGYCAGCMGCCGCGGTAA,TCCGATAATCGG,CAAGCAGAAGACGGCATACGAGATCAAAGCGGTATTCGGCTGCGTTCTTCATCGATGC,CAAAGCGGTATT,D6,Plate 4
GW095,PCR Negative,2019,4/5/22,Cassie/Tania/Jessica,A1,Plate 3,AATGATACGGCGACCACCGAGATCTACACGCTCCTCGCATGACCTATGGTAATTGTGTGYCAGCMGCCGCGGTAA,CCTCGCATGACC,CAAGCAGAAGACGGCATACGAGATTCTGAGGTTGCCCGGCTGCGTTCTTCATCGATGC,TCTGAGGTTGCC,A1,Plate 4
GW096,PCR Negative,2019,4/5/22,Cassie/Tania/Jessica,H12,Plate 3,AATGATACGGCGACCACCGAGATCTACACGCTTCGTTGGGACTATATGGTAATTGTGTGYCAGCMGCCGCGGTAA,TCGTTGGGACTA,CAAGCAGAAGACGGCATACGAGATCGTTCCTTGTTACGGCTGCGTTCTTCATCGATGC,CGTTCCTTGTTA,H12,Plate 4
