"","Kingdom","Phylum","Class","Order","Family","Genus","Species"
"ITS_SV1","k__Fungi","p__Ascomycota","c__Saccharomycetes","o__Saccharomycetales","f__Saccharomycetaceae","g__Saccharomyces",NA
"ITS_SV2","k__Fungi","p__Ascomycota","c__Sordariomycetes","o__Hypocreales","f__Nectriaceae","g__Fusarium",NA
"ITS_SV3","k__Fungi","p__Basidiomycota","c__Tritirachiomycetes","o__Tritirachiales","f__Tritirachiaceae",NA,NA
"ITS_SV4","k__Fungi","p__Mucoromycota","c__Mucoromycotina_cls_Incertae_sedis","o__Mucoromycotina_ord_Incertae_sedis","f__Mucoromycotina_fam_Incertae_sedis","g__Bifiguratus",NA
"ITS_SV5","k__Fungi","p__Ascomycota","c__Eurotiomycetes","o__Chaetothyriales","f__Herpotrichiellaceae","g__Exophiala","s__xenobiotica"
"ITS_SV6","k__Fungi","p__Ascomycota","c__Eurotiomycetes","o__Eurotiales","f__Aspergillaceae","g__Aspergillus",NA
"ITS_SV7","k__Fungi","p__Ascomycota","c__Eurotiomycetes","o__Chaetothyriales","f__Herpotrichiellaceae","g__Exophiala","s__xenobiotica"
"ITS_SV8","k__Fungi","p__Mucoromycota","c__Mucoromycotina_cls_Incertae_sedis","o__Mucoromycotina_ord_Incertae_sedis","f__Mucoromycotina_fam_Incertae_sedis","g__Bifiguratus","s__adelaidae"
"ITS_SV9","k__Fungi","p__Ascomycota","c__Sordariomycetes","o__Hypocreales","f__Hypocreales_fam_Incertae_sedis","g__Acremonium","s__sclerotigenum"
"ITS_SV10","k__Fungi","p__Ascomycota","c__Lichinomycetes","o__Lichinales","f__Heppiaceae","g__Heppia","s__crispatula"
"ITS_SV11","k__Fungi","p__Ascomycota","c__Pezizomycetes","o__Pezizales","f__Pyronemataceae","g__Desertella",NA
"ITS_SV12","k__Fungi","p__Basidiobolomycota","c__Basidiobolomycetes","o__Basidiobolales","f__Basidiobolaceae","g__Basidiobolus",NA
"ITS_SV13","k__Fungi","p__Basidiobolomycota","c__Basidiobolomycetes","o__Basidiobolales","f__Basidiobolaceae","g__Basidiobolus","s__ranarum"
"ITS_SV14","k__Fungi","p__Ascomycota","c__Sordariomycetes","o__Sordariales","f__Sordariaceae","g__Neurospora","s__intermedia"
"ITS_SV15","k__Fungi","p__Ascomycota","c__Pezizomycetes","o__Pezizales","f__Ascobolaceae","g__Ascobolus",NA
"ITS_SV16","k__Fungi","p__Ascomycota","c__Leotiomycetes","o__Helotiales","f__Helotiaceae","g__Scytalidium","s__lignicola"
"ITS_SV17","k__Fungi","p__Ascomycota","c__Eurotiomycetes","o__Eurotiales","f__Aspergillaceae","g__Aspergillus",NA
"ITS_SV18","k__Fungi","p__Ascomycota","c__Eurotiomycetes","o__Eurotiales","f__Aspergillaceae","g__Aspergillus","s__versicolor"
"ITS_SV19","k__Fungi","p__Ascomycota","c__Eurotiomycetes","o__Eurotiales","f__Aspergillaceae","g__Aspergillus",NA
"ITS_SV20","k__Fungi","p__Ascomycota","c__Dothideomycetes",NA,NA,NA,NA
"ITS_SV21","k__Fungi","p__Ascomycota","c__Eurotiomycetes","o__Eurotiales","f__Elaphomycetaceae","g__Elaphomyces","s__muricatus"
"ITS_SV22","k__Fungi","p__Ascomycota","c__Dothideomycetes","o__Dothideales","f__Zalariaceae","g__Zalaria",NA
"ITS_SV23","k__Fungi","p__Ascomycota","c__Eurotiomycetes","o__Verrucariales","f__Verrucariaceae","g__Placidium","s__umbrinum"
"ITS_SV24","k__Fungi",NA,NA,NA,NA,NA,NA
"ITS_SV25","k__Fungi","p__Ascomycota","c__Sordariomycetes","o__Sordariales",NA,NA,NA
"ITS_SV26","k__Fungi","p__Ascomycota","c__Dothideomycetes","o__Pleosporales","f__Didymellaceae",NA,NA
"ITS_SV27","k__Fungi","p__Ascomycota",NA,NA,NA,NA,NA
"ITS_SV28","k__Fungi","p__Ascomycota",NA,NA,NA,NA,NA
"ITS_SV29","k__Fungi","p__Ascomycota","c__Dothideomycetes","o__Pleosporales","f__Pleosporaceae","g__Alternaria","s__tenuissima"
"ITS_SV30","k__Fungi","p__Basidiobolomycota","c__Basidiobolomycetes","o__Basidiobolales","f__Basidiobolaceae","g__Basidiobolus","s__magnus"
"ITS_SV31","k__Fungi","p__Ascomycota","c__Eurotiomycetes","o__Eurotiales","f__Aspergillaceae","g__Aspergillus","s__versicolor"
"ITS_SV32","k__Fungi","p__Ascomycota","c__Dothideomycetes","o__Mycosphaerellales","f__Teratosphaeriaceae","g__Elasticomyces","s__elasticus"
"ITS_SV33","k__Fungi","p__Ascomycota","c__Dothideomycetes","o__Capnodiales","f__Cladosporiaceae","g__Cladosporium","s__herbarum"
"ITS_SV34","k__Fungi","p__Ascomycota","c__Arthoniomycetes","o__Lichenostigmatales","f__Phaeococcomycetaceae","g__Phaeococcomyces",NA
"ITS_SV35","k__Fungi","p__Basidiomycota","c__Agaricomycetes","o__Boletales","f__Boletaceae","g__Aureoboletus","s__mirabilis"
"ITS_SV36","k__Fungi","p__Ascomycota","c__Leotiomycetes","o__Helotiales","f__Hyaloscyphaceae","g__Cistella",NA
"ITS_SV37","k__Fungi","p__Ascomycota","c__Leotiomycetes","o__Helotiales","f__Myxotrichaceae","g__Oidiodendron",NA
"ITS_SV38","k__Fungi","p__Basidiobolomycota","c__Basidiobolomycetes","o__Basidiobolales","f__Basidiobolaceae","g__Basidiobolus","s__magnus"
"ITS_SV39","k__Fungi","p__Ascomycota","c__Eurotiomycetes","o__Eurotiales","f__Aspergillaceae","g__Penicillium",NA
"ITS_SV40","k__Fungi","p__Ascomycota",NA,NA,NA,NA,NA
"ITS_SV41","k__Fungi","p__Basidiomycota","c__Tremellomycetes","o__Filobasidiales","f__Piskurozymaceae","g__Solicoccozyma","s__aeria"
"ITS_SV42","k__Fungi","p__Ascomycota","c__Saccharomycetes","o__Saccharomycetales","f__Saccharomycetaceae","g__Saccharomyces","s__cerevisiae"
"ITS_SV43","k__Fungi","p__Ascomycota","c__Eurotiomycetes","o__Eurotiales","f__Aspergillaceae","g__Penicillium",NA
"ITS_SV44","k__Fungi","p__Ascomycota","c__Lecanoromycetes",NA,NA,NA,NA
"ITS_SV45","k__Fungi","p__Basidiomycota","c__Tremellomycetes","o__Tremellales","f__Cryptococcaceae","g__Cryptococcus","s__neoformans"
"ITS_SV46","k__Fungi","p__Ascomycota","c__Sordariomycetes","o__Coniochaetales","f__Coniochaetaceae","g__Coniochaeta","s__polymorpha"
"ITS_SV47","k__Fungi","p__Ascomycota","c__Dothideomycetes","o__Pleosporales","f__Pleosporaceae","g__Alternaria","s__chlamydosporigena"
"ITS_SV48","k__Fungi","p__Ascomycota","c__Dothideomycetes","o__Capnodiales","f__Cladosporiaceae","g__Cladosporium","s__cladosporioides"
"ITS_SV49","k__Fungi","p__Basidiomycota",NA,NA,NA,NA,NA
"ITS_SV50","k__Fungi","p__Ascomycota","c__Dothideomycetes","o__Capnodiales","f__Cladosporiaceae","g__Toxicocladosporium","s__irritans"
"ITS_SV51","k__Fungi","p__Basidiomycota","c__Agaricomycetes","o__Agaricales","f__Inocybaceae","g__Inocybe","s__nitidiuscula"
"ITS_SV52","k__Fungi","p__Basidiomycota","c__Tremellomycetes","o__Tremellales","f__Cryptococcaceae","g__Cryptococcus","s__neoformans"
"ITS_SV53","k__Fungi","p__Ascomycota","c__Dothideomycetes","o__Mycosphaerellales","f__Teratosphaeriaceae","g__Pseudotaeniolina","s__globosa"
"ITS_SV54","k__Fungi","p__Ascomycota","c__Leotiomycetes","o__Helotiales",NA,NA,NA
"ITS_SV55","k__Fungi","p__Ascomycota","c__Eurotiomycetes","o__Eurotiales","f__Aspergillaceae","g__Penicillium",NA
"ITS_SV56","k__Fungi","p__Basidiobolomycota","c__Basidiobolomycetes","o__Basidiobolales","f__Basidiobolaceae","g__Basidiobolus","s__microsporus"
"ITS_SV57","k__Fungi","p__Ascomycota","c__Sordariomycetes","o__Hypocreales","f__Nectriaceae","g__Fusarium",NA
"ITS_SV58","k__Fungi","p__Ascomycota","c__Pezizomycetes","o__Pezizales","f__Pezizaceae","g__Iodophanus","s__testaceus"
"ITS_SV59","k__Fungi","p__Basidiomycota","c__Agaricomycetes","o__Thelephorales","f__Thelephoraceae",NA,NA
"ITS_SV60","k__Fungi","p__Ascomycota","c__Sordariomycetes","o__Hypocreales","f__Nectriaceae","g__Fusarium",NA
"ITS_SV61","k__Fungi",NA,NA,NA,NA,NA,NA
"ITS_SV62","k__Fungi","p__Ascomycota","c__Sordariomycetes","o__Hypocreales","f__Nectriaceae","g__Fusarium",NA
"ITS_SV63","k__Fungi","p__Basidiomycota","c__Agaricomycetes","o__Thelephorales","f__Thelephoraceae","g__Tomentella","s__stuposa"
"ITS_SV64","k__Fungi","p__Ascomycota","c__Dothideomycetes","o__Venturiales","f__Venturiaceae","g__Tyrannosorus","s__pini-sylvestris"
"ITS_SV65","k__Fungi","p__Basidiomycota","c__Agaricomycetes","o__Cantharellales","f__Cantharellaceae","g__Craterellus","s__tubaeformis"
"ITS_SV66","k__Fungi","p__Ascomycota","c__Dothideomycetes","o__Pleosporales","f__Pleosporaceae",NA,NA
"ITS_SV67","k__Fungi","p__Basidiobolomycota","c__Basidiobolomycetes","o__Basidiobolales","f__Basidiobolaceae","g__Basidiobolus","s__ranarum"
"ITS_SV68","k__Fungi","p__Basidiomycota","c__Agaricomycetes","o__Corticiales",NA,NA,NA
"ITS_SV69","k__Fungi","p__Basidiomycota","c__Tritirachiomycetes","o__Tritirachiales","f__Tritirachiaceae","g__Paratritirachium","s__curvibasidium"
"ITS_SV70","k__Fungi","p__Ascomycota","c__Eurotiomycetes","o__Eurotiales","f__Aspergillaceae","g__Penicillium",NA
"ITS_SV71","k__Fungi","p__Ascomycota","c__Lecanoromycetes","o__Lecanorales","f__Lecanoraceae","g__Carbonea","s__vorticosa"
"ITS_SV72","k__Fungi","p__Ascomycota","c__Sordariomycetes","o__Hypocreales","f__Nectriaceae","g__Fusarium",NA
"ITS_SV73","k__Fungi","p__Basidiomycota","c__Agaricomycetes","o__Thelephorales","f__Thelephoraceae","g__Tomentella","s__terrestris"
"ITS_SV74","k__Fungi","p__Ascomycota","c__Eurotiomycetes","o__Eurotiales","f__Aspergillaceae","g__Penicillium",NA
"ITS_SV75","k__Fungi","p__Ascomycota","c__Eurotiomycetes","o__Eurotiales","f__Aspergillaceae","g__Aspergillus","s__versicolor"
"ITS_SV76","k__Fungi","p__Ascomycota","c__Dothideomycetes","o__Capnodiales","f__Cladosporiaceae","g__Toxicocladosporium","s__pseudovelox"
"ITS_SV77","k__Fungi",NA,NA,NA,NA,NA,NA
"ITS_SV78","k__Fungi","p__Basidiomycota","c__Agaricomycetes","o__Trechisporales","f__Hydnodontaceae","g__Trechispora",NA
"ITS_SV79","k__Fungi","p__Ascomycota","c__Dothideomycetes","o__Pleosporales","f__Didymellaceae","g__Epicoccum","s__italicum"
"ITS_SV80","k__Fungi","p__Basidiomycota","c__Cystobasidiomycetes","o__Cystobasidiomycetes_ord_Incertae_sedis","f__Symmetrosporaceae","g__Symmetrospora","s__vermiculata"
"ITS_SV81","k__Fungi","p__Ascomycota","c__Lecanoromycetes","o__Caliciales","f__Caliciaceae","g__Buellia",NA
"ITS_SV82","k__Fungi","p__Basidiomycota","c__Agaricomycetes","o__Polyporales","f__Polyporaceae","g__Lentinus","s__arcularius"
"ITS_SV83","k__Fungi","p__Ascomycota","c__Eurotiomycetes","o__Eurotiales","f__Aspergillaceae","g__Penicillium",NA
"ITS_SV84","k__Fungi","p__Ascomycota","c__Eurotiomycetes","o__Eurotiales","f__Aspergillaceae","g__Penicillium","s__burgense"
"ITS_SV85","k__Fungi","p__Ascomycota","c__Dothideomycetes","o__Pleosporales","f__Didymellaceae","g__Epicoccum","s__pseudokeratinophilum"
"ITS_SV86","k__Fungi","p__Ascomycota","c__Pezizomycetes","o__Pezizales","f__Pezizaceae",NA,NA
"ITS_SV87","k__Fungi","p__Ascomycota",NA,NA,NA,NA,NA
"ITS_SV88","k__Fungi","p__Mortierellomycota","c__Mortierellomycetes","o__Mortierellales","f__Mortierellaceae","g__Linnemannia","s__amoeboidea"
"ITS_SV89","k__Fungi","p__Ascomycota","c__Dothideomycetes","o__Mycosphaerellales","f__Teratosphaeriaceae","g__Elasticomyces","s__elasticus"
"ITS_SV90","k__Fungi","p__Ascomycota","c__Dothideomycetes","o__Pleosporales","f__Anteagloniaceae","g__Anteaglonium",NA
"ITS_SV91","k__Fungi","p__Ascomycota","c__Dothideomycetes","o__Pleosporales","f__Didymosphaeriaceae","g__Spegazzinia","s__radermacherae"
"ITS_SV92","k__Fungi","p__Ascomycota","c__Leotiomycetes","o__Helotiales","f__Helotiaceae","g__Scytalidium",NA
"ITS_SV93","k__Fungi","p__Ascomycota","c__Dothideomycetes","o__Capnodiales","f__Cladosporiaceae","g__Cladosporium","s__halotolerans"
"ITS_SV94","k__Fungi","p__Ascomycota","c__Sordariomycetes","o__Hypocreales","f__Hypocreaceae","g__Trichoderma",NA
"ITS_SV95","k__Fungi","p__Ascomycota","c__Dothideomycetes","o__Capnodiales","f__Cladosporiaceae","g__Cladosporium",NA
"ITS_SV96","k__Fungi","p__Basidiomycota","c__Agaricomycetes","o__Agaricales","f__Inocybaceae","g__Inocybe","s__nitidiuscula"
"ITS_SV97","k__Fungi","p__Ascomycota","c__Lecanoromycetes","o__Lecideales","f__Lecideaceae","g__Lecidea","s__cancriformis"
"ITS_SV98","k__Fungi","p__Basidiomycota","c__Agaricomycetes","o__Russulales","f__Russulaceae","g__Russula","s__aquosa"
"ITS_SV99","k__Fungi","p__Ascomycota","c__Dothideomycetes","o__Tubeufiales","f__Wiesneriomycetaceae","g__Spissiomyces",NA
"ITS_SV100","k__Fungi","p__Basidiomycota","c__Agaricomycetes","o__Agaricales","f__Hygrophoraceae","g__Hygrocybe",NA
"ITS_SV101","k__Fungi",NA,NA,NA,NA,NA,NA
"ITS_SV102","k__Fungi","p__Basidiomycota","c__Agaricomycetes","o__Agaricales","f__Hygrophoraceae","g__Arrhenia",NA
"ITS_SV103","k__Fungi","p__Ascomycota","c__Sordariomycetes","o__Sordariales","f__Chaetomiaceae","g__Collariella","s__causiiformis"
"ITS_SV104","k__Fungi",NA,NA,NA,NA,NA,NA
"ITS_SV105","k__Fungi","p__Ascomycota","c__Lecanoromycetes","o__GS36",NA,NA,NA
"ITS_SV106","k__Fungi","p__Ascomycota",NA,NA,NA,NA,NA
"ITS_SV107","k__Fungi","p__Ascomycota","c__Dothideomycetes","o__Tubeufiales","f__Wiesneriomycetaceae","g__Spissiomyces",NA
"ITS_SV108","k__Fungi","p__Ascomycota","c__Dothideomycetes","o__Bezerromycetales","f__Bezerromycetaceae","g__Bezerromyces","s__gobabebensis"
"ITS_SV109","k__Fungi",NA,NA,NA,NA,NA,NA
"ITS_SV110","k__Fungi","p__Ascomycota","c__Eurotiomycetes","o__Eurotiales","f__Elaphomycetaceae","g__Elaphomyces","s__muricatus"
"ITS_SV111","k__Fungi","p__Ascomycota","c__Dothideomycetes","o__Venturiales","f__Venturiaceae",NA,NA
"ITS_SV112","k__Fungi","p__Ascomycota",NA,NA,NA,NA,NA
"ITS_SV113","k__Fungi","p__Ascomycota","c__Dothideomycetes","o__Pleosporales","f__Pleosporaceae","g__Alternaria","s__tenuissima"
"ITS_SV114","k__Fungi","p__Ascomycota","c__Sordariomycetes","o__Hypocreales","f__Stachybotryaceae",NA,NA
"ITS_SV115","k__Fungi","p__Ascomycota","c__Sordariomycetes","o__Xylariales","f__Amphisphaeriaceae","g__Microdochium","s__ratticaudae"
"ITS_SV116","k__Fungi","p__Basidiomycota","c__Agaricomycetes","o__Atheliales","f__Pilodermataceae","g__Piloderma",NA
"ITS_SV117","k__Fungi","p__Basidiomycota","c__Tremellomycetes","o__Filobasidiales","f__Piskurozymaceae","g__Solicoccozyma","s__keelungensis"
"ITS_SV118","k__Fungi","p__Ascomycota","c__Dothideomycetes","o__Capnodiales","f__Cladosporiaceae","g__Cladosporium",NA
"ITS_SV119","k__Fungi","p__Ascomycota","c__Dothideomycetes","o__Capnodiales","f__Cladosporiaceae","g__Cladosporium","s__cladosporioides"
"ITS_SV120","k__Fungi","p__Ascomycota","c__Sordariomycetes","o__Hypocreales","f__Clavicipitaceae","g__Keithomyces","s__carneus"
"ITS_SV121","k__Fungi","p__Basidiobolomycota","c__Basidiobolomycetes","o__Basidiobolales","f__Basidiobolaceae","g__Basidiobolus","s__ranarum"
"ITS_SV122","k__Fungi","p__Ascomycota","c__Dothideomycetes","o__Pleosporales","f__Phaeosphaeriaceae","g__Parastagonospora",NA
"ITS_SV123","k__Fungi","p__Ascomycota","c__Dothideomycetes","o__Pleosporales","f__Pleosporaceae","g__Stemphylium","s__vesicarium"
"ITS_SV124","k__Fungi","p__Ascomycota","c__Dothideomycetes","o__Pleosporales","f__Pleosporaceae","g__Alternaria","s__subcucurbitae"
"ITS_SV125","k__Fungi","p__Ascomycota","c__Pezizomycetes","o__Pezizales","f__Ascobolaceae","g__Ascobolus",NA
"ITS_SV126","k__Fungi","p__Ascomycota","c__Eurotiomycetes","o__Eurotiales","f__Aspergillaceae","g__Penicillium",NA
"ITS_SV127","k__Fungi","p__Basidiomycota","c__Tremellomycetes","o__Filobasidiales","f__Filobasidiaceae","g__Filobasidium","s__chernovii"
"ITS_SV128","k__Fungi",NA,NA,NA,NA,NA,NA
"ITS_SV129","k__Fungi","p__Ascomycota","c__Sordariomycetes","o__Coniochaetales","f__Coniochaetaceae","g__Lecythophora",NA
"ITS_SV130","k__Fungi","p__Ascomycota","c__Dothideomycetes","o__Mycosphaerellales","f__Extremaceae","g__Vermiconia","s__antarctica"
"ITS_SV131","k__Fungi","p__Basidiomycota","c__Agaricomycetes","o__Agaricales","f__Cortinariaceae","g__Cortinarius",NA
"ITS_SV132","k__Fungi","p__Ascomycota","c__Pezizomycetes","o__Pezizales","f__Ascobolaceae","g__Ascobolus",NA
"ITS_SV133","k__Fungi","p__Ascomycota","c__Pezizomycetes","o__Pezizales","f__Ascobolaceae","g__Ascobolus",NA
"ITS_SV134","k__Fungi","p__Ascomycota",NA,NA,NA,NA,NA
"ITS_SV135","k__Fungi","p__Ascomycota","c__Dothideomycetes","o__Pleosporales","f__Sporormiaceae",NA,NA
"ITS_SV136","k__Fungi","p__Mortierellomycota","c__Mortierellomycetes","o__Mortierellales","f__Mortierellaceae",NA,NA
"ITS_SV137","k__Fungi","p__Ascomycota","c__Eurotiomycetes","o__Eurotiales","f__Elaphomycetaceae","g__Elaphomyces","s__muricatus"
"ITS_SV138","k__Fungi","p__Ascomycota","c__Sordariomycetes","o__Hypocreales","f__Nectriaceae","g__Fusarium","s__brachygibbosum"
"ITS_SV139","k__Fungi","p__Basidiomycota","c__Cystobasidiomycetes","o__Cystobasidiomycetes_ord_Incertae_sedis","f__Symmetrosporaceae","g__Symmetrospora","s__symmetrica"
"ITS_SV140","k__Fungi","p__Ascomycota","c__Eurotiomycetes","o__Eurotiales","f__Aspergillaceae","g__Penicillium",NA
"ITS_SV141","k__Fungi","p__Ascomycota","c__Eurotiomycetes","o__Chaetothyriales","f__Chaetothyriales_fam_Incertae_sedis","g__Neostrelitziana","s__acaciigena"
"ITS_SV142","k__Fungi","p__Basidiomycota","c__Agaricomycetes","o__Cantharellales","f__Ceratobasidiaceae",NA,NA
"ITS_SV143","k__Fungi","p__Ascomycota","c__Sordariomycetes","o__Hypocreales","f__Hypocreales_fam_Incertae_sedis","g__Acremonium","s__sclerotigenum"
"ITS_SV144","k__Fungi",NA,NA,NA,NA,NA,NA
"ITS_SV145","k__Fungi","p__Ascomycota","c__Dothideomycetes","o__Pleosporales","f__Didymellaceae",NA,NA
"ITS_SV146","k__Fungi","p__Ascomycota","c__Dothideomycetes","o__Pleosporales","f__Didymellaceae",NA,NA
"ITS_SV147","k__Fungi","p__Ascomycota","c__Dothideomycetes","o__Mycosphaerellales","f__Teratosphaeriaceae","g__Elasticomyces","s__elasticus"
"ITS_SV148","k__Fungi","p__Ascomycota","c__Sordariomycetes","o__Hypocreales",NA,NA,NA
"ITS_SV149","k__Fungi","p__Ascomycota","c__Lecanoromycetes",NA,NA,NA,NA
"ITS_SV150","k__Fungi","p__Ascomycota","c__Leotiomycetes","o__Helotiales","f__Leotiaceae","g__Pezoloma","s__ericae"
"ITS_SV151","k__Fungi","p__Ascomycota","c__Dothideomycetes","o__Pleosporales","f__Pleosporaceae","g__Alternaria","s__subcucurbitae"
"ITS_SV152","k__Fungi","p__Ascomycota","c__Pezizomycetes","o__Pezizales","f__Pyronemataceae","g__Desertella",NA
"ITS_SV153","k__Fungi","p__Basidiomycota","c__Agaricomycetes","o__Cantharellales","f__Ceratobasidiaceae",NA,NA
"ITS_SV154","k__Fungi","p__Ascomycota","c__Sordariomycetes","o__Hypocreales","f__Nectriaceae","g__Fusarium",NA
"ITS_SV155","k__Fungi","p__Ascomycota","c__Eurotiomycetes","o__Eurotiales","f__Aspergillaceae","g__Talaromyces",NA
"ITS_SV156","k__Fungi","p__Ascomycota","c__Leotiomycetes","o__Helotiales","f__Helotiaceae","g__Scytalidium","s__lignicola"
"ITS_SV157","k__Fungi","p__Basidiobolomycota","c__Basidiobolomycetes","o__Basidiobolales","f__Basidiobolaceae","g__Basidiobolus",NA
"ITS_SV158","k__Fungi","p__Ascomycota","c__Eurotiomycetes","o__Eurotiales","f__Aspergillaceae","g__Penicillium",NA
"ITS_SV159","k__Fungi",NA,NA,NA,NA,NA,NA
"ITS_SV160","k__Fungi","p__Mortierellomycota","c__Mortierellomycetes","o__Mortierellales","f__Mortierellaceae",NA,NA
"ITS_SV161","k__Fungi","p__Basidiomycota","c__Agaricomycetes","o__Thelephorales","f__Thelephoraceae",NA,NA
"ITS_SV162","k__Fungi","p__Ascomycota","c__Dothideomycetes","o__Dothideales","f__Saccotheciaceae","g__Aureobasidium","s__pullulans"
"ITS_SV163","k__Fungi","p__Ascomycota","c__Pezizomycetes","o__Pezizales","f__Pyronemataceae",NA,NA
"ITS_SV164","k__Fungi","p__Ascomycota","c__Dothideomycetes","o__Pleosporales","f__Didymosphaeriaceae","g__Spegazzinia","s__radermacherae"
"ITS_SV165","k__Fungi",NA,NA,NA,NA,NA,NA
"ITS_SV166","k__Fungi","p__Ascomycota","c__Sordariomycetes","o__Hypocreales","f__Nectriaceae","g__Fusarium",NA
"ITS_SV167","k__Fungi","p__Ascomycota","c__Lecanoromycetes","o__Lecanorales","f__Parmeliaceae",NA,NA
"ITS_SV168","k__Fungi","p__Basidiomycota","c__Tritirachiomycetes","o__Tritirachiales","f__Tritirachiaceae",NA,NA
"ITS_SV169","k__Fungi","p__Ascomycota","c__Sordariomycetes","o__Hypocreales","f__Nectriaceae","g__Fusarium","s__tonkinense"
"ITS_SV170","k__Fungi","p__Ascomycota","c__Leotiomycetes","o__Helotiales","f__Leotiaceae","g__Pezoloma","s__ericae"
"ITS_SV171","k__Fungi","p__Ascomycota","c__Dothideomycetes","o__Venturiales","f__Venturiaceae","g__Tyrannosorus","s__pini-sylvestris"
"ITS_SV172","k__Fungi","p__Basidiobolomycota","c__Basidiobolomycetes","o__Basidiobolales","f__Basidiobolaceae","g__Basidiobolus",NA
"ITS_SV173","k__Fungi",NA,NA,NA,NA,NA,NA
"ITS_SV174","k__Fungi","p__Ascomycota","c__Eurotiomycetes","o__Eurotiales","f__Aspergillaceae","g__Aspergillus","s__salwaensis"
"ITS_SV175","k__Fungi","p__Ascomycota","c__Taphrinomycetes","o__Taphrinales","f__Protomycetaceae","g__Saitoella","s__complicata"
"ITS_SV176","k__Fungi","p__Ascomycota","c__Eurotiomycetes","o__Eurotiales","f__Aspergillaceae","g__Aspergillus",NA
"ITS_SV177","k__Fungi","p__Ascomycota","c__Dothideomycetes","o__Capnodiales","f__Cladosporiaceae","g__Cladosporium","s__cladosporioides"
"ITS_SV178","k__Fungi","p__Ascomycota","c__Eurotiomycetes","o__Eurotiales","f__Aspergillaceae","g__Penicillium","s__menonorum"
"ITS_SV179","k__Fungi","p__Ascomycota","c__Dothideomycetes","o__Mycosphaerellales","f__Extremaceae","g__Incertomyces",NA
"ITS_SV180","k__Fungi","p__Basidiomycota","c__Agaricomycetes","o__Agaricales","f__Entolomataceae","g__Entoloma","s__halophilum"
"ITS_SV181","k__Fungi","p__Ascomycota","c__Eurotiomycetes","o__Eurotiales","f__Aspergillaceae","g__Aspergillus","s__salwaensis"
"ITS_SV182","k__Fungi","p__Ascomycota","c__Eurotiomycetes","o__Eurotiales","f__Aspergillaceae","g__Aspergillus",NA
"ITS_SV183","k__Fungi","p__Ascomycota","c__Leotiomycetes","o__Helotiales","f__Sclerotiniaceae","g__Botrytis","s__caroliniana"
"ITS_SV184","k__Fungi","p__Ascomycota","c__Dothideomycetes","o__Pleosporales","f__Didymellaceae",NA,NA
"ITS_SV185","k__Fungi","p__Ascomycota","c__Dothideomycetes","o__Capnodiales","f__Cladosporiaceae","g__Toxicocladosporium","s__irritans"
"ITS_SV186","k__Fungi","p__Ascomycota","c__Sordariomycetes","o__Hypocreales","f__Hypocreales_fam_Incertae_sedis","g__Acremonium","s__sclerotigenum"
"ITS_SV187","k__Fungi","p__Basidiomycota","c__Agaricomycetes","o__Agaricales","f__Inocybaceae","g__Inocybe","s__nitidiuscula"
"ITS_SV188","k__Fungi","p__Basidiomycota","c__Cystobasidiomycetes","o__Cystobasidiomycetes_ord_Incertae_sedis","f__Symmetrosporaceae","g__Symmetrospora",NA
"ITS_SV189","k__Fungi","p__Ascomycota","c__Eurotiomycetes","o__Chaetothyriales",NA,NA,NA
"ITS_SV190","k__Fungi","p__Ascomycota","c__Leotiomycetes","o__Helotiales","f__Hyaloscyphaceae","g__Cistella",NA
"ITS_SV191","k__Fungi","p__Ascomycota","c__Lecanoromycetes","o__Acarosporales","f__Acarosporaceae","g__Acarospora",NA
"ITS_SV192","k__Fungi","p__Ascomycota","c__Sordariomycetes","o__Hypocreales","f__Nectriaceae","g__Fusarium","s__waltergamsii"
"ITS_SV193","k__Fungi","p__Ascomycota","c__Sordariomycetes","o__Hypocreales","f__Nectriaceae","g__Fusarium",NA
"ITS_SV194","k__Fungi","p__Basidiobolomycota","c__Basidiobolomycetes","o__Basidiobolales","f__Basidiobolaceae","g__Basidiobolus","s__ranarum"
"ITS_SV195","k__Fungi","p__Ascomycota","c__Sordariomycetes","o__Hypocreales","f__Nectriaceae","g__Fusarium",NA
"ITS_SV196","k__Fungi","p__Ascomycota","c__Leotiomycetes","o__Helotiales","f__Helotiaceae","g__Articulospora",NA
"ITS_SV197","k__Fungi",NA,NA,NA,NA,NA,NA
"ITS_SV198","k__Fungi","p__Ascomycota","c__Pezizomycetes","o__Pezizales","f__Ascobolaceae","g__Ascobolus",NA
"ITS_SV199","k__Fungi","p__Ascomycota","c__Eurotiomycetes","o__Eurotiales","f__Aspergillaceae","g__Penicillium","s__neocrassum"
"ITS_SV200","k__Fungi","p__Ascomycota","c__Lecanoromycetes","o__Lecanorales",NA,NA,NA
"ITS_SV201","k__Fungi","p__Ascomycota","c__Dothideomycetes","o__Capnodiales","f__Cladosporiaceae","g__Verrucocladosporium","s__dirinae"
"ITS_SV202","k__Fungi","p__Mucoromycota","c__Mucoromycotina_cls_Incertae_sedis","o__Mucoromycotina_ord_Incertae_sedis","f__Mucoromycotina_fam_Incertae_sedis","g__Bifiguratus",NA
"ITS_SV203","k__Fungi",NA,NA,NA,NA,NA,NA
"ITS_SV204","k__Fungi","p__Basidiomycota","c__Cystobasidiomycetes","o__Erythrobasidiales","f__Erythrobasidiaceae","g__Erythrobasidium",NA
"ITS_SV205","k__Fungi","p__Ascomycota","c__Lecanoromycetes","o__Lecanorales","f__Lecanoraceae","g__Lecanora","s__polytropa"
"ITS_SV206","k__Fungi","p__Ascomycota","c__Sordariomycetes","o__Hypocreales","f__Hypocreales_fam_Incertae_sedis","g__Acremonium","s__pinkertoniae"
"ITS_SV207","k__Fungi","p__Ascomycota","c__Eurotiomycetes","o__Eurotiales","f__Aspergillaceae","g__Penicillium",NA
"ITS_SV208","k__Fungi","p__Ascomycota","c__Sordariomycetes","o__Hypocreales","f__Hypocreales_fam_Incertae_sedis","g__Acremonium","s__blochii"
"ITS_SV209","k__Fungi","p__Ascomycota","c__Pezizomycetes","o__Pezizales","f__Pyronemataceae","g__Desertella",NA
"ITS_SV210","k__Fungi","p__Ascomycota","c__Dothideomycetes","o__Mytilinidales","f__Gloniaceae","g__Cenococcum",NA
"ITS_SV211","k__Fungi","p__Ascomycota","c__Leotiomycetes","o__Helotiales","f__Hyaloscyphaceae","g__Cistella",NA
"ITS_SV212","k__Fungi","p__Ascomycota","c__Eurotiomycetes","o__Chaetothyriales","f__Herpotrichiellaceae","g__Coniosporium",NA
"ITS_SV213","k__Fungi","p__Ascomycota","c__Eurotiomycetes","o__Chaetothyriales",NA,NA,NA
"ITS_SV214","k__Fungi","p__Ascomycota",NA,NA,NA,NA,NA
"ITS_SV215","k__Fungi","p__Ascomycota","c__Eurotiomycetes","o__Eurotiales","f__Aspergillaceae","g__Aspergillus","s__versicolor"
"ITS_SV216","k__Fungi","p__Basidiobolomycota","c__Basidiobolomycetes","o__Basidiobolales","f__Basidiobolaceae","g__Basidiobolus","s__ranarum"
"ITS_SV217","k__Fungi",NA,NA,NA,NA,NA,NA
"ITS_SV218","k__Fungi","p__Ascomycota","c__Sordariomycetes","o__Microascales","f__Microascaceae","g__Scedosporium","s__boydii"
"ITS_SV219","k__Fungi","p__Basidiomycota","c__Agaricomycetes","o__Polyporales","f__Polyporales_fam_Incertae_sedis","g__Crustoderma","s__dryinum"
"ITS_SV220","k__Fungi","p__Ascomycota","c__Sordariomycetes","o__Hypocreales","f__Nectriaceae","g__Fusarium",NA
"ITS_SV221","k__Fungi","p__Ascomycota","c__Eurotiomycetes","o__Chaetothyriales","f__Chaetothyriales_fam_Incertae_sedis","g__Neophaeococcomyces",NA
"ITS_SV222","k__Fungi","p__Ascomycota","c__Dothideomycetes","o__Venturiales","f__Venturiaceae","g__Tyrannosorus",NA
"ITS_SV223","k__Fungi","p__Ascomycota","c__Eurotiomycetes","o__Eurotiales","f__Aspergillaceae","g__Penicillium","s__radiatolobatum"
"ITS_SV224","k__Fungi","p__Ascomycota","c__Eurotiomycetes","o__Eurotiales","f__Aspergillaceae","g__Penicillium",NA
"ITS_SV225","k__Fungi","p__Ascomycota","c__Pezizomycetes","o__Pezizales","f__Pyronemataceae","g__Trichophaea",NA
"ITS_SV226","k__Fungi","p__Ascomycota","c__Sordariomycetes","o__Hypocreales",NA,NA,NA
"ITS_SV227","k__Fungi","p__Ascomycota","c__Dothideomycetes","o__Pleosporales","f__Didymellaceae","g__Neodidymelliopsis","s__ranunculi"
"ITS_SV228","k__Fungi","p__Basidiobolomycota","c__Basidiobolomycetes","o__Basidiobolales","f__Basidiobolaceae","g__Basidiobolus",NA
"ITS_SV229","k__Fungi","p__Ascomycota",NA,NA,NA,NA,NA
"ITS_SV230","k__Fungi","p__Ascomycota","c__Dothideomycetes","o__Capnodiales","f__Cladosporiaceae","g__Cladosporium","s__sphaerospermum"
"ITS_SV231","k__Fungi","p__Ascomycota","c__Dothideomycetes",NA,NA,NA,NA
"ITS_SV232","k__Fungi","p__Basidiomycota","c__Cystobasidiomycetes","o__Cystobasidiomycetes_ord_Incertae_sedis","f__Symmetrosporaceae","g__Symmetrospora","s__symmetrica"
"ITS_SV233","k__Fungi","p__Basidiomycota","c__Agaricomycetes","o__Agaricales","f__Cortinariaceae","g__Cortinarius",NA
"ITS_SV234","k__Fungi","p__Ascomycota","c__Sordariomycetes","o__Hypocreales",NA,NA,NA
"ITS_SV235","k__Fungi","p__Ascomycota","c__Saccharomycetes","o__Saccharomycetales","f__Saccharomycetaceae","g__Saccharomyces","s__cerevisiae"
"ITS_SV236","k__Fungi","p__Ascomycota","c__Eurotiomycetes","o__Eurotiales","f__Aspergillaceae","g__Penicillium",NA
"ITS_SV237","k__Fungi","p__Ascomycota","c__Sordariomycetes","o__Sordariales","f__Podosporaceae","g__Cladorrhinum","s__flexuosum"
"ITS_SV238","k__Fungi","p__Ascomycota","c__Dothideomycetes","o__Bezerromycetales","f__Bezerromycetaceae","g__Bezerromyces",NA
"ITS_SV239","k__Fungi","p__Ascomycota","c__Eurotiomycetes","o__Chaetothyriales","f__Herpotrichiellaceae","g__Exophiala","s__xenobiotica"
"ITS_SV240","k__Fungi","p__Ascomycota",NA,NA,NA,NA,NA
"ITS_SV241","k__Fungi",NA,NA,NA,NA,NA,NA
"ITS_SV242","k__Fungi","p__Ascomycota","c__Leotiomycetes","o__Helotiales","f__Leptodontidiaceae","g__Leptodontidium",NA
"ITS_SV243","k__Fungi","p__Ascomycota","c__Sordariomycetes","o__Hypocreales","f__Nectriaceae","g__Fusarium",NA
"ITS_SV244","k__Fungi","p__Ascomycota","c__Dothideomycetes","o__Neophaeothecales","f__Neophaeothecaceae","g__Neophaeotheca","s__triangularis"
"ITS_SV245","k__Fungi","p__Ascomycota","c__Dothideomycetes","o__Capnodiales","f__Cladosporiaceae","g__Cladosporium","s__dominicanum"
"ITS_SV246","k__Fungi","p__Basidiobolomycota","c__Basidiobolomycetes","o__Basidiobolales","f__Basidiobolaceae","g__Basidiobolus",NA
"ITS_SV247","k__Fungi","p__Ascomycota","c__Lichinomycetes","o__Lichinales","f__Peltulaceae","g__Peltula","s__imbricata"
"ITS_SV248","k__Fungi","p__Ascomycota","c__Sordariomycetes","o__Sordariales","f__Podosporaceae","g__Cladorrhinum","s__flexuosum"
"ITS_SV249","k__Fungi","p__Basidiomycota","c__Agaricomycetes","o__Agaricales","f__Pleurotaceae","g__Hohenbuehelia",NA
"ITS_SV250","k__Fungi","p__Ascomycota","c__Eurotiomycetes","o__Eurotiales","f__Aspergillaceae","g__Aspergillus",NA
"ITS_SV251","k__Fungi","p__Ascomycota",NA,NA,NA,NA,NA
"ITS_SV252","k__Fungi","p__Ascomycota",NA,NA,NA,NA,NA
"ITS_SV253","k__Fungi","p__Ascomycota","c__Lecanoromycetes","o__Lecideales","f__Lecideaceae","g__Lecidea","s__cancriformis"
"ITS_SV254","k__Fungi","p__Ascomycota","c__Sordariomycetes","o__Sordariales","f__Chaetomiaceae","g__Collariella","s__causiiformis"
"ITS_SV255","k__Fungi","p__Ascomycota","c__Eurotiomycetes","o__Chaetothyriales","f__Chaetothyriales_fam_Incertae_sedis","g__Neophaeococcomyces",NA
"ITS_SV256","k__Fungi","p__Ascomycota","c__Pezizomycetes","o__Pezizales","f__Pyronemataceae","g__Trichophaea",NA
"ITS_SV257","k__Fungi","p__Mucoromycota","c__Mucoromycetes","o__Mucorales","f__Lichtheimiaceae","g__Lichtheimia","s__ornata"
"ITS_SV258","k__Fungi",NA,NA,NA,NA,NA,NA
"ITS_SV259","k__Fungi","p__Ascomycota","c__Leotiomycetes","o__Helotiales","f__Hyaloscyphaceae",NA,NA
"ITS_SV260","k__Fungi","p__Ascomycota","c__Eurotiomycetes","o__Eurotiales","f__Aspergillaceae","g__Penicillium",NA
"ITS_SV261","k__Fungi","p__Rozellomycota",NA,NA,NA,NA,NA
"ITS_SV262","k__Fungi","p__Ascomycota","c__Leotiomycetes","o__Erysiphales","f__Erysiphaceae","g__Golovinomyces","s__ambrosiae"
"ITS_SV263","k__Fungi",NA,NA,NA,NA,NA,NA
"ITS_SV264","k__Fungi","p__Basidiomycota","c__Agaricomycetes","o__Agaricales","f__Cortinariaceae","g__Cortinarius",NA
"ITS_SV265","k__Fungi","p__Mortierellomycota","c__Mortierellomycetes","o__Mortierellales","f__Mortierellaceae","g__Mortierella","s__gemmifera"
"ITS_SV266","k__Fungi","p__Ascomycota","c__Eurotiomycetes","o__Eurotiales","f__Aspergillaceae","g__Aspergillus",NA
"ITS_SV267","k__Fungi","p__Ascomycota","c__Leotiomycetes","o__Helotiales","f__Helotiaceae","g__Scytalidium",NA
"ITS_SV268","k__Fungi","p__Ascomycota","c__Dothideomycetes","o__Capnodiales","f__Cladosporiaceae","g__Cladosporium","s__cladosporioides"
"ITS_SV269","k__Fungi","p__Ascomycota","c__Sordariomycetes","o__Hypocreales","f__Nectriaceae","g__Fusarium",NA
"ITS_SV270","k__Fungi","p__Basidiomycota","c__Tremellomycetes","o__Filobasidiales","f__Filobasidiaceae","g__Naganishia","s__randhawae"
"ITS_SV271","k__Fungi","p__Ascomycota","c__Lecanoromycetes","o__Lecideales","f__Lecideaceae","g__Lecidea","s__cancriformis"
"ITS_SV272","k__Fungi","p__Ascomycota","c__Sordariomycetes","o__Hypocreales","f__Hypocreales_fam_Incertae_sedis","g__Sarocladium","s__kiliense"
"ITS_SV273","k__Fungi","p__Ascomycota","c__Dothideomycetes","o__Capnodiales","f__Cladosporiaceae","g__Cladosporium","s__cladosporioides"
"ITS_SV274","k__Fungi","p__Ascomycota","c__Dothideomycetes","o__Pleosporales","f__Phaeosphaeriaceae","g__Phaeosphaeria",NA
"ITS_SV275","k__Fungi","p__Ascomycota","c__Eurotiomycetes","o__Eurotiales","f__Aspergillaceae","g__Penicillium",NA
"ITS_SV276","k__Fungi","p__Ascomycota","c__Dothideomycetes","o__Mycosphaerellales","f__Extremaceae","g__Extremus","s__antarcticus"
"ITS_SV277","k__Fungi",NA,NA,NA,NA,NA,NA
"ITS_SV278","k__Fungi","p__Ascomycota","c__Dothideomycetes","o__Venturiales","f__Venturiaceae",NA,NA
"ITS_SV279","k__Fungi","p__Ascomycota","c__Leotiomycetes","o__Helotiales","f__Hyaloscyphaceae","g__Cistella",NA
"ITS_SV280","k__Fungi","p__Ascomycota","c__Sordariomycetes","o__Hypocreales","f__Nectriaceae","g__Fusarium","s__equiseti"
"ITS_SV281","k__Fungi","p__Ascomycota","c__Eurotiomycetes","o__Eurotiales","f__Aspergillaceae","g__Penicillium",NA
"ITS_SV282","k__Fungi","p__Ascomycota","c__Eurotiomycetes","o__Chaetothyriales","f__Chaetothyriales_fam_Incertae_sedis","g__Neophaeococcomyces",NA
"ITS_SV283","k__Fungi","p__Basidiomycota","c__Agaricomycetes","o__Agaricales",NA,NA,NA
"ITS_SV284","k__Fungi","p__Ascomycota","c__Sordariomycetes","o__Hypocreales","f__Nectriaceae","g__Fusarium",NA
"ITS_SV285","k__Fungi","p__Basidiomycota","c__Agaricomycetes","o__Corticiales","f__Corticiaceae","g__Laetisaria",NA
"ITS_SV286","k__Fungi","p__Ascomycota","c__Dothideomycetes","o__Mycosphaerellales","f__Teratosphaeriaceae","g__Elasticomyces","s__elasticus"
"ITS_SV287","k__Fungi","p__Ascomycota","c__Eurotiomycetes","o__Eurotiales","f__Aspergillaceae","g__Penicillium",NA
"ITS_SV288","k__Fungi","p__Ascomycota","c__Dothideomycetes","o__Pleosporales","f__Didymellaceae","g__Neodidymelliopsis","s__ranunculi"
"ITS_SV289","k__Fungi","p__Ascomycota","c__Dothideomycetes","o__Pleosporales","f__Periconiaceae","g__Periconia","s__macrospinosa"
"ITS_SV290","k__Fungi","p__Basidiomycota","c__Agaricomycetes","o__Agaricales","f__Pleurotaceae","g__Hohenbuehelia",NA
"ITS_SV291","k__Fungi","p__Ascomycota",NA,NA,NA,NA,NA
"ITS_SV292","k__Fungi",NA,NA,NA,NA,NA,NA
"ITS_SV293","k__Fungi","p__Ascomycota","c__Dothideomycetes","o__Capnodiales","f__Cladosporiaceae","g__Cladosporium","s__herbarum"
"ITS_SV294","k__Fungi","p__Ascomycota","c__Lecanoromycetes","o__Lecanorales",NA,NA,NA
"ITS_SV295","k__Fungi","p__Ascomycota","c__Dothideomycetes","o__Capnodiales","f__Cladosporiaceae","g__Cladosporium",NA
"ITS_SV296","k__Fungi","p__Ascomycota","c__Eurotiomycetes","o__Eurotiales","f__Aspergillaceae","g__Aspergillus",NA
"ITS_SV297","k__Fungi","p__Ascomycota","c__Dothideomycetes","o__Pleosporales",NA,NA,NA
"ITS_SV298","k__Fungi","p__Ascomycota","c__Lecanoromycetes","o__Lecanorales",NA,NA,NA
"ITS_SV299","k__Fungi","p__Ascomycota","c__Sordariomycetes","o__Hypocreales","f__Nectriaceae","g__Fusarium",NA
"ITS_SV300","k__Fungi",NA,NA,NA,NA,NA,NA
"ITS_SV301","k__Fungi","p__Ascomycota","c__Leotiomycetes","o__Helotiales","f__Helotiaceae","g__Scytalidium","s__lignicola"
"ITS_SV302","k__Fungi",NA,NA,NA,NA,NA,NA
"ITS_SV303","k__Fungi","p__Ascomycota","c__Dothideomycetes","o__Mycosphaerellales","f__Teratosphaeriaceae","g__Pseudotaeniolina","s__globosa"
"ITS_SV304","k__Fungi","p__Ascomycota","c__Lecanoromycetes","o__Lecanorales","f__Lecanoraceae",NA,NA
"ITS_SV305","k__Fungi","p__Ascomycota","c__Eurotiomycetes","o__Chaetothyriales","f__Chaetothyriales_fam_Incertae_sedis","g__Neophaeococcomyces",NA
"ITS_SV306","k__Fungi","p__Basidiomycota","c__Agaricomycetes","o__Thelephorales","f__Thelephoraceae",NA,NA
"ITS_SV307","k__Fungi","p__Ascomycota","c__Eurotiomycetes","o__Chaetothyriales","f__Herpotrichiellaceae","g__Exophiala",NA
"ITS_SV308","k__Fungi","p__Ascomycota","c__Sordariomycetes","o__Sordariales","f__Chaetomiaceae","g__Subramaniula",NA
"ITS_SV309","k__Fungi","p__Ascomycota","c__Leotiomycetes","o__Helotiales","f__Myxotrichaceae","g__Oidiodendron",NA
"ITS_SV310","k__Fungi","p__Ascomycota","c__Dothideomycetes","o__Pleosporales","f__Sporormiaceae",NA,NA
"ITS_SV311","k__Fungi","p__Blastocladiomycota",NA,NA,NA,NA,NA
"ITS_SV312","k__Fungi","p__Ascomycota","c__Eurotiomycetes","o__Eurotiales","f__Aspergillaceae","g__Aspergillus","s__sesamicola"
"ITS_SV313","k__Fungi","p__Ascomycota","c__Dothideomycetes","o__Capnodiales","f__Cladosporiaceae","g__Toxicocladosporium","s__aquimarinum"
"ITS_SV314","k__Fungi",NA,NA,NA,NA,NA,NA
"ITS_SV315","k__Fungi","p__Basidiomycota","c__Tremellomycetes","o__Filobasidiales","f__Filobasidiaceae","g__Naganishia","s__globosa"
"ITS_SV316","k__Fungi","p__Ascomycota","c__Dothideomycetes","o__Mycosphaerellales","f__Teratosphaeriaceae","g__Monticola","s__elongata"
"ITS_SV317","k__Fungi","p__Ascomycota","c__Dothideomycetes","o__Mycosphaerellales","f__Teratosphaeriaceae","g__Catenulostroma","s__elginense"
"ITS_SV318","k__Fungi","p__Ascomycota","c__Eurotiomycetes","o__Chaetothyriales","f__Herpotrichiellaceae","g__Rhinocladiella",NA
"ITS_SV319","k__Fungi","p__Ascomycota","c__Dothideomycetes","o__Mycosphaerellales","f__Mycosphaerellaceae","g__Ramularia","s__citricola"
"ITS_SV320","k__Fungi","p__Ascomycota","c__Eurotiomycetes","o__Chaetothyriales","f__Herpotrichiellaceae","g__Exophiala","s__jeanselmei"
"ITS_SV321","k__Fungi","p__Ascomycota","c__Eurotiomycetes","o__Chaetothyriales","f__Herpotrichiellaceae","g__Rhinocladiella",NA
"ITS_SV322","k__Fungi","p__Ascomycota","c__Eurotiomycetes","o__Chaetothyriales","f__Herpotrichiellaceae","g__Rhinocladiella",NA
"ITS_SV323","k__Fungi",NA,NA,NA,NA,NA,NA
"ITS_SV324","k__Fungi","p__Basidiomycota","c__Agaricomycetes","o__Thelephorales","f__Thelephoraceae","g__Tomentella","s__stuposa"
"ITS_SV325","k__Fungi","p__Ascomycota","c__Schizosaccharomycetes","o__Schizosaccharomycetales","f__Schizosaccharomycetaceae","g__Schizosaccharomyces","s__pombe"
"ITS_SV326","k__Fungi","p__Basidiomycota","c__Agaricomycetes","o__Agaricales","f__Entolomataceae","g__Entoloma","s__halophilum"
"ITS_SV327","k__Fungi","p__Ascomycota","c__Dothideomycetes","o__Tubeufiales","f__Wiesneriomycetaceae","g__Spissiomyces",NA
"ITS_SV328","k__Fungi","p__Ascomycota","c__Sordariomycetes","o__Sordariales","f__Bombardiaceae","g__Ramophialophora",NA
"ITS_SV329","k__Fungi","p__Ascomycota","c__Dothideomycetes","o__Pleosporales","f__Pleosporaceae","g__Alternaria",NA
"ITS_SV330","k__Fungi","p__Ascomycota","c__Sordariomycetes","o__Hypocreales","f__Nectriaceae","g__Fusarium",NA
"ITS_SV331","k__Fungi","p__Ascomycota","c__Eurotiomycetes","o__Chaetothyriales","f__Herpotrichiellaceae","g__Coniosporium",NA
"ITS_SV332","k__Fungi","p__Ascomycota","c__Sordariomycetes","o__Xylariales","f__Diatrypaceae","g__Monosporascus",NA
"ITS_SV333","k__Fungi","p__Ascomycota","c__Eurotiomycetes","o__Onygenales","f__Onygenaceae","g__Aphanoascus",NA
"ITS_SV334","k__Fungi","p__Ascomycota","c__Sordariomycetes","o__Hypocreales","f__Nectriaceae","g__Neocosmospora","s__rubicola"
"ITS_SV335","k__Fungi","p__Ascomycota","c__Dothideomycetes","o__Botryosphaeriales","f__Botryosphaeriaceae",NA,NA
"ITS_SV336","k__Fungi","p__Ascomycota",NA,NA,NA,NA,NA
"ITS_SV337","k__Fungi","p__Ascomycota","c__Dothideomycetes","o__Mycosphaerellales","f__Teratosphaeriaceae","g__Fodinomyces","s__uranophilus"
"ITS_SV338","k__Fungi",NA,NA,NA,NA,NA,NA
"ITS_SV339","k__Fungi","p__Ascomycota","c__Dothideomycetes","o__Pleosporales","f__Amorosiaceae","g__Angustimassarina","s__acerina"
"ITS_SV340","k__Fungi","p__Basidiomycota","c__Tremellomycetes","o__Filobasidiales","f__Filobasidiaceae","g__Naganishia",NA
"ITS_SV341","k__Fungi","p__Basidiobolomycota","c__Basidiobolomycetes","o__Basidiobolales","f__Basidiobolaceae","g__Basidiobolus",NA
"ITS_SV342","k__Fungi","p__Ascomycota","c__Sordariomycetes","o__Coniochaetales","f__Coniochaetaceae","g__Coniochaeta","s__polymorpha"
"ITS_SV343","k__Fungi","p__Ascomycota","c__Eurotiomycetes","o__Eurotiales","f__Aspergillaceae","g__Penicillium","s__oxalicum"
"ITS_SV344","k__Fungi","p__Ascomycota","c__Dothideomycetes","o__Pleosporales","f__Pleosporaceae","g__Alternaria","s__subcucurbitae"
"ITS_SV345","k__Fungi",NA,NA,NA,NA,NA,NA
"ITS_SV346","k__Fungi",NA,NA,NA,NA,NA,NA
"ITS_SV347","k__Fungi","p__Ascomycota","c__Eurotiomycetes","o__Chaetothyriales","f__Trichomeriaceae","g__Lithohypha","s__aloicola"
"ITS_SV348","k__Fungi",NA,NA,NA,NA,NA,NA
"ITS_SV349","k__Fungi","p__Ascomycota","c__Sordariomycetes","o__Sporidesmiales",NA,NA,NA
"ITS_SV350","k__Fungi","p__Ascomycota","c__Sordariomycetes","o__Glomerellales","f__Plectosphaerellaceae","g__Plectosphaerella","s__cucumerina"
"ITS_SV351","k__Fungi","p__Basidiomycota","c__Agaricomycetes","o__Agaricales",NA,NA,NA
"ITS_SV352","k__Fungi","p__Ascomycota","c__Dothideomycetes","o__Pleosporales","f__Lophiostomataceae","g__Lophiostoma",NA
"ITS_SV353","k__Fungi","p__Ascomycota","c__Lecanoromycetes","o__Lecanorales","f__Parmeliaceae",NA,NA
"ITS_SV354","k__Fungi","p__Ascomycota","c__Eurotiomycetes","o__Verrucariales","f__Verrucariaceae","g__Placidium","s__umbrinum"
"ITS_SV355","k__Fungi","p__Ascomycota","c__Dothideomycetes","o__Pleosporales",NA,NA,NA
"ITS_SV356","k__Fungi","p__Ascomycota","c__Dothideomycetes","o__Pleosporales","f__Phaeosphaeriaceae","g__Neosetophoma","s__rosarum"
"ITS_SV357","k__Fungi","p__Basidiomycota","c__Agaricomycetes","o__Agaricales","f__Entolomataceae","g__Entoloma","s__halophilum"
"ITS_SV358","k__Fungi","p__Ascomycota","c__Taphrinomycetes","o__Taphrinales","f__Taphrinaceae","g__Taphrina","s__betulina"
"ITS_SV359","k__Fungi","p__Basidiomycota","c__Agaricomycetes","o__Thelephorales","f__Thelephoraceae","g__Tomentella",NA
"ITS_SV360","k__Fungi","p__Ascomycota",NA,NA,NA,NA,NA
"ITS_SV361","k__Fungi","p__Ascomycota","c__Dothideomycetes","o__Pleosporales","f__Pleosporaceae","g__Comoclathris","s__rosigena"
"ITS_SV362","k__Fungi","p__Ascomycota","c__Lecanoromycetes",NA,NA,NA,NA
"ITS_SV363","k__Fungi",NA,NA,NA,NA,NA,NA
"ITS_SV364","k__Fungi","p__Ascomycota","c__Dothideomycetes","o__Pleosporales","f__Cucurbitariaceae","g__Neocucurbitaria","s__salicis-albae"
"ITS_SV365","k__Fungi","p__Basidiomycota","c__Tremellomycetes","o__Filobasidiales","f__Filobasidiaceae","g__Naganishia","s__friedmannii"
"ITS_SV366","k__Fungi","p__Ascomycota","c__Dothideomycetes","o__Pleosporales","f__Pleosporaceae","g__Alternaria","s__hungarica"
"ITS_SV367","k__Fungi","p__Ascomycota","c__Saccharomycetes","o__Saccharomycetales","f__Saccharomycetaceae","g__Saccharomyces",NA
"ITS_SV368","k__Fungi","p__Ascomycota","c__Dothideomycetes","o__Capnodiales","f__Cladosporiaceae","g__Cladosporium","s__austrohemisphaericum"
"ITS_SV369","k__Fungi","p__Ascomycota","c__Dothideomycetes","o__Mycosphaerellales","f__Teratosphaeriaceae","g__Neocatenulostroma","s__microsporum"
"ITS_SV370","k__Fungi","p__Ascomycota","c__Dothideomycetes","o__Pleosporales","f__Didymosphaeriaceae","g__Pseudopithomyces","s__angolensis"
"ITS_SV371","k__Fungi",NA,NA,NA,NA,NA,NA
"ITS_SV372","k__Fungi","p__Basidiomycota","c__Cystobasidiomycetes","o__Erythrobasidiales","f__Erythrobasidiaceae","g__Erythrobasidium","s__yunnanense"
"ITS_SV373","k__Fungi","p__Ascomycota","c__Dothideomycetes","o__Pleosporales","f__Didymosphaeriaceae","g__Pseudopithomyces","s__angolensis"
"ITS_SV374","k__Fungi","p__Ascomycota","c__Dothideomycetes","o__Pleosporales","f__Sporormiaceae","g__Preussia",NA
"ITS_SV375","k__Fungi","p__Mortierellomycota","c__Mortierellomycetes","o__Mortierellales",NA,NA,NA
"ITS_SV376","k__Fungi","p__Ascomycota","c__Dothideomycetes","o__Botryosphaeriales","f__Botryosphaeriaceae",NA,NA
"ITS_SV377","k__Fungi","p__Ascomycota","c__Eurotiomycetes","o__Chaetothyriales","f__Trichomeriaceae","g__Knufia","s__marmoricola"
"ITS_SV378","k__Fungi","p__Ascomycota","c__Dothideomycetes","o__Myriangiales","f__Elsinoaceae","g__Elsinoe",NA
"ITS_SV379","k__Fungi","p__Ascomycota","c__Arthoniomycetes","o__Lichenostigmatales","f__Phaeococcomycetaceae","g__Phaeococcomyces","s__mexicanus"
"ITS_SV380","k__Fungi","p__Ascomycota","c__Dothideomycetes","o__Dothideales","f__Dothideaceae","g__Endoconidioma","s__euphorbiae"
"ITS_SV381","k__Fungi","p__Ascomycota","c__Eurotiomycetes","o__Chaetothyriales","f__Herpotrichiellaceae","g__Rhinocladiella",NA
"ITS_SV382","k__Fungi","p__Ascomycota","c__Pezizomycetes","o__Pezizales","f__Pyronemataceae","g__Smardaea",NA
"ITS_SV383","k__Fungi","p__Ascomycota","c__Eurotiomycetes","o__Chaetothyriales","f__Herpotrichiellaceae","g__Coniosporium",NA
"ITS_SV384","k__Fungi","p__Ascomycota","c__Eurotiomycetes","o__Chaetothyriales","f__Herpotrichiellaceae","g__Rhinocladiella",NA
"ITS_SV385","k__Fungi",NA,NA,NA,NA,NA,NA
"ITS_SV386","k__Fungi","p__Ascomycota","c__Eurotiomycetes","o__Chaetothyriales",NA,NA,NA
"ITS_SV387","k__Fungi","p__Ascomycota","c__Sordariomycetes","o__Sordariales","f__Chaetomiaceae","g__Chaetomium","s__angustispirale"
"ITS_SV388","k__Fungi","p__Ascomycota","c__Dothideomycetes","o__Pleosporales","f__Pleosporales_fam_Incertae_sedis","g__Pleiochaeta",NA
"ITS_SV389","k__Fungi","p__Ascomycota","c__Dothideomycetes","o__Pleosporales","f__Pleosporaceae","g__Curvularia","s__americana"
"ITS_SV390","k__Fungi","p__Ascomycota","c__Dothideomycetes","o__Pleosporales","f__Sporormiaceae","g__Preussia","s__fleischhakii"
"ITS_SV391","k__Fungi","p__Ascomycota","c__Dothideomycetes","o__Pleosporales","f__Cucurbitariaceae","g__Neocucurbitaria","s__irregularis"
"ITS_SV392","k__Fungi",NA,NA,NA,NA,NA,NA
"ITS_SV393","k__Fungi","p__Chytridiomycota",NA,NA,NA,NA,NA
"ITS_SV394","k__Fungi","p__Ascomycota","c__Sordariomycetes","o__Hypocreales","f__Nectriaceae","g__Fusarium","s__equiseti"
"ITS_SV395","k__Fungi","p__Ascomycota","c__Pezizomycetes","o__Pezizales","f__Pyronemataceae","g__Octospora",NA
"ITS_SV396","k__Fungi","p__Ascomycota","c__Sordariomycetes","o__Glomerellales","f__Plectosphaerellaceae","g__Plectosphaerella","s__cucumerina"
"ITS_SV397","k__Fungi","p__Ascomycota","c__Saccharomycetes","o__Saccharomycetales","f__Saccharomycetaceae","g__Saccharomyces","s__cerevisiae"
"ITS_SV398","k__Fungi","p__Ascomycota","c__Eurotiomycetes","o__Verrucariales","f__Verrucariaceae","g__Placidium","s__umbrinum"
"ITS_SV399","k__Fungi","p__Ascomycota","c__Pezizomycetes","o__Pezizales","f__Pezizaceae","g__Oedocephalum",NA
"ITS_SV400","k__Fungi","p__Ascomycota","c__Eurotiomycetes","o__Chaetothyriales","f__Cyphellophoraceae","g__Cyphellophora",NA
"ITS_SV401","k__Fungi","p__Ascomycota","c__Pezizomycetes","o__Pezizales","f__Pezizaceae","g__Peziza","s__ostracoderma"
"ITS_SV402","k__Fungi","p__Ascomycota","c__Eurotiomycetes","o__Eurotiales","f__Aspergillaceae","g__Penicillium",NA
"ITS_SV403","k__Fungi",NA,NA,NA,NA,NA,NA
"ITS_SV404","k__Fungi","p__Ascomycota","c__Dothideomycetes","o__Mycosphaerellales","f__Mycosphaerellaceae","g__Ramularia","s__eucalypti"
"ITS_SV405","k__Fungi","p__Ascomycota","c__Dothideomycetes","o__Pleosporales","f__Phaeosphaeriaceae",NA,NA
"ITS_SV406","k__Fungi","p__Basidiomycota","c__Malasseziomycetes","o__Malasseziales","f__Malasseziaceae",NA,NA
"ITS_SV407","k__Fungi",NA,NA,NA,NA,NA,NA
"ITS_SV408","k__Fungi","p__Basidiomycota","c__Tremellomycetes","o__Filobasidiales","f__Filobasidiaceae","g__Naganishia","s__albida"
"ITS_SV409","k__Fungi","p__Ascomycota","c__Dothideomycetes","o__Pleosporales","f__Periconiaceae","g__Periconia","s__epilithographicola"
"ITS_SV410","k__Fungi","p__Ascomycota","c__Dothideomycetes","o__Mycosphaerellales","f__Mycosphaerellaceae","g__Ramularia","s__hydrangeae-macrophyllae"
"ITS_SV411","k__Fungi",NA,NA,NA,NA,NA,NA
"ITS_SV412","k__Fungi","p__Ascomycota","c__Dothideomycetes","o__Dothideales","f__Saccotheciaceae","g__Pseudosydowia",NA
"ITS_SV413","k__Fungi","p__Ascomycota","c__Sordariomycetes","o__Sordariales","f__Chaetomiaceae","g__Acrophialophora",NA
"ITS_SV414","k__Fungi","p__Ascomycota",NA,NA,NA,NA,NA
"ITS_SV415","k__Fungi","p__Ascomycota","c__Pezizomycetes","o__Pezizales","f__Pezizaceae",NA,NA
"ITS_SV416","k__Fungi","p__Blastocladiomycota",NA,NA,NA,NA,NA
"ITS_SV417","k__Fungi",NA,NA,NA,NA,NA,NA
"ITS_SV418","k__Fungi","p__Basidiomycota","c__Tremellomycetes","o__Filobasidiales","f__Filobasidiaceae","g__Naganishia","s__albida"
"ITS_SV419","k__Fungi",NA,NA,NA,NA,NA,NA
"ITS_SV420","k__Fungi","p__Blastocladiomycota",NA,NA,NA,NA,NA
"ITS_SV421","k__Fungi","p__Ascomycota","c__Leotiomycetes","o__Helotiales","f__Sclerotiniaceae","g__Clarireedia","s__bennettii"
"ITS_SV422","k__Fungi","p__Ascomycota","c__Dothideomycetes","o__Botryosphaeriales","f__Botryosphaeriaceae","g__Thyrostroma",NA
"ITS_SV423","k__Fungi","p__Ascomycota","c__Eurotiomycetes","o__Eurotiales","f__Aspergillaceae","g__Aspergillus",NA
"ITS_SV424","k__Fungi","p__Ascomycota","c__Sordariomycetes","o__Hypocreales","f__Nectriaceae","g__Fusarium","s__brachygibbosum"
"ITS_SV425","k__Fungi","p__Ascomycota","c__Dothideomycetes","o__Pleosporales","f__Neocamarosporiaceae","g__Neocamarosporium",NA
"ITS_SV426","k__Fungi","p__Basidiomycota","c__Tremellomycetes","o__Filobasidiales","f__Filobasidiaceae","g__Naganishia","s__albida"
"ITS_SV427","k__Fungi","p__Ascomycota","c__Eurotiomycetes","o__Chaetothyriales","f__Herpotrichiellaceae","g__Coniosporium","s__apollinis"
"ITS_SV428","k__Fungi","p__Ascomycota","c__Dothideomycetes","o__Mycosphaerellales","f__Teratosphaeriaceae","g__Constantinomyces","s__oldenburgensis"
"ITS_SV429","k__Fungi","p__Ascomycota",NA,NA,NA,NA,NA
"ITS_SV430","k__Fungi","p__Ascomycota","c__Lecanoromycetes","o__Lecanorales","f__Psoraceae","g__Psora","s__decipiens"
"ITS_SV431","k__Fungi","p__Ascomycota","c__Lecanoromycetes","o__Acarosporales","f__Acarosporaceae",NA,NA
"ITS_SV432","k__Fungi","p__Ascomycota",NA,NA,NA,NA,NA
"ITS_SV433","k__Fungi","p__Ascomycota","c__Dothideomycetes","o__Capnodiales","f__Cladosporiaceae","g__Rachicladosporium",NA
"ITS_SV434","k__Fungi","p__Basidiomycota","c__Agaricomycetes","o__Agaricales","f__Hygrophoraceae",NA,NA
"ITS_SV435","k__Fungi","p__Ascomycota","c__Eurotiomycetes","o__Chaetothyriales",NA,NA,NA
"ITS_SV436","k__Fungi","p__Ascomycota",NA,NA,NA,NA,NA
"ITS_SV437","k__Fungi","p__Ascomycota","c__Leotiomycetes","o__Helotiales","f__Dermateaceae","g__Scleropezicula",NA
"ITS_SV438","k__Fungi","p__Ascomycota","c__Dothideomycetes","o__Pleosporales","f__Neocamarosporiaceae","g__Neocamarosporium",NA
"ITS_SV439","k__Fungi","p__Ascomycota","c__Dothideomycetes","o__Mycosphaerellales","f__Mycosphaerellaceae","g__Pseudocercospora",NA
"ITS_SV440","k__Fungi",NA,NA,NA,NA,NA,NA
"ITS_SV441","k__Fungi","p__Ascomycota","c__Dothideomycetes","o__Pleosporales","f__Sporormiaceae","g__Westerdykella",NA
"ITS_SV442","k__Fungi","p__Ascomycota","c__Dothideomycetes","o__Mycosphaerellales","f__Teratosphaeriaceae","g__Lapidomyces","s__stipagrostidicola"
"ITS_SV443","k__Fungi","p__Ascomycota","c__Arthoniomycetes","o__Lichenostigmatales","f__Phaeococcomycetaceae","g__Phaeococcomyces",NA
"ITS_SV444","k__Fungi","p__Ascomycota",NA,NA,NA,NA,NA
"ITS_SV445","k__Fungi",NA,NA,NA,NA,NA,NA
"ITS_SV446","k__Fungi",NA,NA,NA,NA,NA,NA
"ITS_SV447","k__Fungi",NA,NA,NA,NA,NA,NA
"ITS_SV448","k__Fungi","p__Ascomycota","c__Dothideomycetes","o__Pleosporales","f__Pleosporaceae","g__Comoclathris",NA
"ITS_SV449","k__Fungi","p__Ascomycota","c__Dothideomycetes","o__Pleosporales","f__Sporormiaceae","g__Preussia","s__persica"
"ITS_SV450","k__Fungi","p__Ascomycota","c__Dothideomycetes","o__Capnodiales","f__Cladosporiaceae","g__Verrucocladosporium","s__dirinae"
"ITS_SV451","k__Fungi","p__Basidiomycota","c__Agaricomycetes","o__Agaricales",NA,NA,NA
"ITS_SV452","k__Fungi","p__Basidiomycota","c__Agaricomycetes","o__Agaricales","f__Strophariaceae","g__Pholiota","s__adiposa"
"ITS_SV453","k__Fungi","p__Ascomycota","c__Pezizomycetes","o__Pezizales","f__Pyronemataceae","g__Pseudotricharina","s__intermedia"
"ITS_SV454","k__Fungi","p__Ascomycota","c__Sordariomycetes","o__Savoryellales",NA,NA,NA
